name,rating,price
no-name,no-rating,no-price
no-name,no-rating,no-price
no-name,no-rating,no-price
no-name,no-rating,no-price
no-name,no-rating,no-price
no-name,no-rating,no-price
no-name,no-rating,no-price
no-name,no-rating,no-price
no-name,no-rating,no-price
no-name,no-rating,no-price
no-name,no-rating,no-price
no-name,no-rating,no-price
no-name,no-rating,no-price
no-name,no-rating,no-price
no-name,no-rating,no-price
no-name,no-rating,no-price
no-name,no-rating,no-price
no-name,no-rating,no-price
no-name,no-rating,no-price
no-name,no-rating,no-price
no-name,no-rating,no-price
no-name,no-rating,no-price
no-name,no-rating,no-price
no-name,no-rating,no-price
no-name,no-rating,no-price
no-name,no-rating,no-price
no-name,no-rating,no-price
no-name,no-rating,no-price
no-name,no-rating,no-price
no-name,no-rating,no-price
no-name,no-rating,no-price
no-name,no-rating,no-price
no-name,no-rating,no-price
no-name,no-rating,no-price
no-name,no-rating,no-price
no-name,no-rating,no-price
no-name,no-rating,no-price
no-name,no-rating,no-price
no-name,no-rating,no-price
no-name,no-rating,no-price
no-name,no-rating,no-price
no-name,no-rating,no-price
no-name,no-rating,no-price
no-name,no-rating,no-price
no-name,no-rating,no-price
no-name,no-rating,no-price
no-name,no-rating,no-price
Yamazaki 10 Year Old,,£550
